{
  "source_image": "image-0006.png",
  "image_width": 3541,
  "image_height": 5016,
  "panels": [
    {
      "id": 1,
      "u0": 0.151053,
      "v0": 0.65562,
      "u1": 0.848966,
      "v1": 0.867683,
      "px": {
        "x": 535,
        "y": 664,
        "w": 2471,
        "h": 1064
      }
    },
    {
      "id": 2,
      "u0": 0.151838,
      "v0": 0.481047,
      "u1": 0.849251,
      "v1": 0.647027,
      "px": {
        "x": 538,
        "y": 1771,
        "w": 2470,
        "h": 833
      }
    },
    {
      "id": 3,
      "u0": 0.15118,
      "v0": 0.131665,
      "u1": 0.850479,
      "v1": 0.472797,
      "px": {
        "x": 535,
        "y": 2644,
        "w": 2476,
        "h": 1711
      }
    }
  ]
}